Workbook

Sheet Cover
B2: HUTCH ID
B3: Website OrderFlow — Backend API
B4: DOKUMEN TEST CASE
B5: Quality Assurance — Functional & Non-Functional Test Cases
B7: INFORMASI DOKUMEN
B8: Nama Dokumen | C8: Test Case Document – Hutch ID Backend API
B9: Nomor Dokumen | C9: QA-TC-HUTCHID-001
B10: Versi | C10: 1.0
B11: Tanggal Penerbitan | C11: 15 Juli 2026
B12: Disusun oleh | C12: Eka Febryanto (QA Engineer)
B13: Status Dokumen | C13: Executed — Hasil Pengujian Tersedia
B14: Tanggal Eksekusi | C14: 16 Juli 2026
B15: Total Test Case | C15: 100
B17: RIWAYAT REVISI DOKUMEN
B18: Versi | C18: Tanggal | D18: Deskripsi Perubahan | F18: Penulis
B19: 1.0 | C19: 15 Juli 2026 | D19: Penerbitan awal dokumen test case berdasarkan Postman Collection QA Backend API | F19: Eka Febryanto
B21: KETERANGAN SEVERITY (TINGKAT KEPARAHAN DAMPAK BUG)
B22: Critical | C22: Kegagalan fatal yang menyebabkan sistem tidak dapat digunakan / kehilangan data / celah keamanan kritikal.
B23: High | C23: Fungsi utama tidak berjalan sesuai harapan namun terdapat workaround terbatas.
B24: Medium | C24: Fungsi berjalan namun terdapat penyimpangan hasil yang cukup mengganggu.
B25: Low | C25: Isu minor, kosmetik, atau tidak berdampak signifikan pada proses bisnis.
B27: KETERANGAN PRIORITY (PRIORITAS EKSEKUSI PENGUJIAN)
B28: High | C28: Test case wajib dieksekusi pada setiap siklus pengujian (core business flow / keamanan).
B29: Medium | C29: Test case penting namun dapat dijadwalkan setelah High Priority selesai.
B30: Low | C30: Test case pelengkap (edge case) yang dieksekusi bila waktu memungkinkan.
B32: Catatan: Gunakan sheet 'Summary' untuk ringkasan progres pengujian dan sheet 'Test Cases' untuk detail lengkap seluruh 100 test case.

Sheet Summary
B2: RINGKASAN JUMLAH TEST CASE PER MODUL
B4: No | C4: Modul / Fitur | D4: Jumlah Test Case | E4: Executed | F4: Passed | G4: Failed | H4: Pass Rate
B5: 1 | C5: Authentication | D5: 12 | E5: =COUNTIFS('Test Cases'!$C$5:$C$104,C5,'Test Cases'!$K$5:$K$104,"<>Not Executed") -> 12 | F5: =COUNTIFS('Test Cases'!$C$5:$C$104,C5,'Test Cases'!$K$5:$K$104,"Pass") -> 9 | G5: =COUNTIFS('Test Cases'!$C$5:$C$104,C5,'Test Cases'!$K$5:$K$104,"Fail") -> 1 | H5: =IFERROR(F5/D5,0) -> 0.75
B6: 2 | C6: Produk (Products) | D6: 16 | E6: =COUNTIFS('Test Cases'!$C$5:$C$104,C6,'Test Cases'!$K$5:$K$104,"<>Not Executed") -> 16 | F6: =COUNTIFS('Test Cases'!$C$5:$C$104,C6,'Test Cases'!$K$5:$K$104,"Pass") -> 13 | G6: =COUNTIFS('Test Cases'!$C$5:$C$104,C6,'Test Cases'!$K$5:$K$104,"Fail") -> 2 | H6: =IFERROR(F6/D6,0) -> 0.8125
B7: 3 | C7: Pelanggan (Customers) | D7: 13 | E7: =COUNTIFS('Test Cases'!$C$5:$C$104,C7,'Test Cases'!$K$5:$K$104,"<>Not Executed") -> 13 | F7: =COUNTIFS('Test Cases'!$C$5:$C$104,C7,'Test Cases'!$K$5:$K$104,"Pass") -> 10 | G7: =COUNTIFS('Test Cases'!$C$5:$C$104,C7,'Test Cases'!$K$5:$K$104,"Fail") -> 2 | H7: =IFERROR(F7/D7,0) -> 0.76923077
B8: 4 | C8: Pesanan (Orders) | D8: 24 | E8: =COUNTIFS('Test Cases'!$C$5:$C$104,C8,'Test Cases'!$K$5:$K$104,"<>Not Executed") -> 24 | F8: =COUNTIFS('Test Cases'!$C$5:$C$104,C8,'Test Cases'!$K$5:$K$104,"Pass") -> 20 | G8: =COUNTIFS('Test Cases'!$C$5:$C$104,C8,'Test Cases'!$K$5:$K$104,"Fail") -> 3 | H8: =IFERROR(F8/D8,0) -> 0.83333333
B9: 5 | C9: Notifikasi | D9: 9 | E9: =COUNTIFS('Test Cases'!$C$5:$C$104,C9,'Test Cases'!$K$5:$K$104,"<>Not Executed") -> 9 | F9: =COUNTIFS('Test Cases'!$C$5:$C$104,C9,'Test Cases'!$K$5:$K$104,"Pass") -> 7 | G9: =COUNTIFS('Test Cases'!$C$5:$C$104,C9,'Test Cases'!$K$5:$K$104,"Fail") -> 2 | H9: =IFERROR(F9/D9,0) -> 0.77777778
B10: 6 | C10: Dashboard | D10: 3 | E10: =COUNTIFS('Test Cases'!$C$5:$C$104,C10,'Test Cases'!$K$5:$K$104,"<>Not Executed") -> 3 | F10: =COUNTIFS('Test Cases'!$C$5:$C$104,C10,'Test Cases'!$K$5:$K$104,"Pass") -> 2 | G10: =COUNTIFS('Test Cases'!$C$5:$C$104,C10,'Test Cases'!$K$5:$K$104,"Fail") -> 1 | H10: =IFERROR(F10/D10,0) -> 0.66666667
B11: 7 | C11: Arsip PDF | D11: 7 | E11: =COUNTIFS('Test Cases'!$C$5:$C$104,C11,'Test Cases'!$K$5:$K$104,"<>Not Executed") -> 7 | F11: =COUNTIFS('Test Cases'!$C$5:$C$104,C11,'Test Cases'!$K$5:$K$104,"Pass") -> 5 | G11: =COUNTIFS('Test Cases'!$C$5:$C$104,C11,'Test Cases'!$K$5:$K$104,"Fail") -> 1 | H11: =IFERROR(F11/D11,0) -> 0.71428571
B12: 8 | C12: User Management | D12: 12 | E12: =COUNTIFS('Test Cases'!$C$5:$C$104,C12,'Test Cases'!$K$5:$K$104,"<>Not Executed") -> 12 | F12: =COUNTIFS('Test Cases'!$C$5:$C$104,C12,'Test Cases'!$K$5:$K$104,"Pass") -> 11 | G12: =COUNTIFS('Test Cases'!$C$5:$C$104,C12,'Test Cases'!$K$5:$K$104,"Fail") -> 1 | H12: =IFERROR(F12/D12,0) -> 0.91666667
B13: 9 | C13: Chatbot | D13: 4 | E13: =COUNTIFS('Test Cases'!$C$5:$C$104,C13,'Test Cases'!$K$5:$K$104,"<>Not Executed") -> 4 | F13: =COUNTIFS('Test Cases'!$C$5:$C$104,C13,'Test Cases'!$K$5:$K$104,"Pass") -> 3 | G13: =COUNTIFS('Test Cases'!$C$5:$C$104,C13,'Test Cases'!$K$5:$K$104,"Fail") -> 1 | H13: =IFERROR(F13/D13,0) -> 0.75
B14: TOTAL | D14: =SUM(D5:D13) -> 100 | E14: =SUM(E5:E13) -> 100 | F14: =SUM(F5:F13) -> 80 | G14: =SUM(G5:G13) -> 14 | H14: =IFERROR(F14/D14,0) -> 0.8
B16: Catatan: Kolom Executed, Passed, Failed, dan Pass Rate terhubung otomatis (formula) ke sheet 'Test Cases' berdasarkan kolom Status. Update kolom Status pada sheet 'Test Cases' untuk memperbarui ringkasan ini.

Sheet Test Cases
A1: HUTCH ID — Website OrderFlow Backend API — Dokumen Test Case (QA-TC-HUTCHID-001)
A2: Versi 1.0 · 15 Juli 2026 · Disusun oleh Eka Febryanto (QA Engineer) · Status: Draft for Review · Total Test Case: 100
A4: No | B4: TC ID | C4: Modul / Fitur | D4: Test Scenario | E4: Test Description | F4: Preconditions | G4: Test Steps | H4: Test Data | I4: Expected Result | J4: Actual Result | K4: Status | L4: Severity | M4: Priority | N4: Notes
A5: 1 | B5: TC-AUTH-001 | C5: Authentication | D5: Login dengan kredensial valid (Admin) | E5: Memverifikasi user dapat login menggunakan email dan password yang benar serta menerima token autentikasi | F5: 1. API server aktif 2. Akun admin terdaftar di database (admin@hutch.id) | G5: 1. Kirim POST request ke /login 2. Sertakan header Accept: application/json 3. Kirim body email & password valid 4. Amati response | H5: email: admin@hutch.id password: password123 | I5: 1. Status code 200 2. Response memiliki properti 'user' dan 'token' 3. Token berupa string tidak kosong 4. Object user memiliki id, email, role 5. Field password TIDAK ditampilkan pada response 6. Token tersimpan pada environment variable | J5: 1. Status code 200 2. Response memiliki properti 'user' dan 'token' 3. Token berupa string tidak kosong 4. Object user memiliki id, email, role 5. Field password TIDAK ditampilkan pada response 6. Token tersimpan pada environment variable | K5: Pass | L5: Critical | M5: High | N5: Test dasar autentikasi (positive test)
A6: 2 | B6: TC-AUTH-002 | C6: Authentication | D6: Login dengan password salah | E6: Memverifikasi sistem menolak login apabila password tidak sesuai dan mengembalikan pesan error yang sesuai | F6: Akun admin terdaftar di database | G6: 1. Kirim POST request ke /login 2. Isi email valid, password salah 3. Amati response | H6: email: admin@hutch.id password: wrong_password | I6: 1. Status code 422 2. Response memiliki properti 'errors' 3. Properti errors.email berisi pesan kredensial tidak valid 4. Token TIDAK diterbitkan | J6: 1. Status code 422 2. Response memiliki properti 'errors' 3. Properti errors.email berisi pesan kredensial tidak valid 4. Token TIDAK diterbitkan | K6: Pass | L6: High | M6: High | N6: Negative testing - invalid credentials
A7: 3 | B7: TC-AUTH-003 | C7: Authentication | D7: Login tanpa mengisi field wajib | E7: Memverifikasi validasi input pada saat field email dan password tidak diisi (empty body) | F7: API server aktif | G7: 1. Kirim POST request ke /login 2. Kirim body kosong {} 3. Amati response | H7: body: {} | I7: 1. Status code 422 2. Response memiliki properti 'errors' 3. Errors mencantumkan field email dan password sebagai required | J7: 1. Status code 422 2. Response memiliki properti 'errors' 3. Errors mencantumkan field email dan password sebagai required | K7: Pass | L7: Medium | M7: High | N7: Equivalence Partitioning - empty input
A8: 4 | B8: TC-AUTH-004 | C8: Authentication | D8: Mendapatkan data profil user yang sedang login | E8: Memverifikasi endpoint profile mengembalikan data user yang sesuai dengan token yang digunakan | F8: User sudah login dan memiliki auth_token valid | G8: 1. Kirim GET request ke /profile dengan Bearer token 2. Amati response | H8: Header Authorization: Bearer {{auth_token}} | I8: 1. Status code 200 2. Response berisi id, email, role 3. Field password TIDAK ditampilkan | J8: 1. Status code 200 2. Response berisi id, email, role 3. Field password TIDAK ditampilkan | K8: Pass | L8: Medium | M8: Medium | N8: -
A9: 5 | B9: TC-AUTH-005 | C9: Authentication | D9: Mendapatkan data user melalui endpoint Sanctum /user | E9: Memverifikasi endpoint /user (Laravel Sanctum) mengembalikan data user yang terautentikasi | F9: User sudah login dan memiliki auth_token valid | G9: 1. Kirim GET request ke /user dengan Bearer token 2. Amati response | H9: Header Authorization: Bearer {{auth_token}} | I9: 1. Status code 200 2. Response berisi id dan email user yang login | J9: 1. Status code 200 2. Response berisi id dan email user yang login | K9: Pass | L9: Low | M9: Medium | N9: -
A10: 6 | B10: TC-AUTH-006 | C10: Authentication | D10: Akses endpoint terproteksi tanpa token | E10: Memverifikasi sistem menolak akses ke resource yang membutuhkan autentikasi apabila token tidak disertakan | F10: API server aktif | G10: 1. Kirim GET request ke /profile TANPA header Authorization 2. Amati response | H10: Tidak ada token | I10: 1. Status code 401 2. Response memiliki properti 'message' yang menyatakan unauthenticated | J10: 1. Status code 401 2. Response memiliki properti 'message' yang menyatakan unauthenticated | K10: Pass | L10: Critical | M10: High | N10: Security testing
A11: 7 | B11: TC-AUTH-007 | C11: Authentication | D11: Logout user yang sedang login | E11: Memverifikasi user dapat logout dan token menjadi tidak valid untuk request selanjutnya | F11: User sudah login dan memiliki auth_token valid | G11: 1. Kirim POST request ke /logout dengan Bearer token 2. Amati response 3. Coba akses /profile dengan token yang sama | H11: Header Authorization: Bearer {{auth_token}} | I11: 1. Status code 200 2. Response message mengandung 'Logged out' 3. Token yang sudah logout tidak dapat dipakai kembali (401 pada request berikutnya) | J11: 1. Status code 200, message 'Logged out' diterima 2. Namun pada langkah verifikasi ke-3, token yang sama masih dapat digunakan untuk mengakses /profile dan mengembalikan status code 200 (seharusnya 401) 3. Token tidak benar-benar di-revoke pada tabel personal_access_tokens | K11: Fail | L11: High | M11: High | N11: Perlu verifikasi tambahan token revocation
A12: 8 | B12: TC-AUTH-008 | C12: Authentication | D12: Login dengan format email tidak valid | E12: Memverifikasi validasi format email pada saat login | F12: API server aktif | G12: 1. Kirim POST request ke /login 2. Isi email dengan format tidak valid 3. Amati response | H12: email: admin-hutch (tanpa @ dan domain) password: password123 | I12: 1. Status code 422 2. Errors mencantumkan format email tidak valid | J12: 1. Status code 422 2. Errors mencantumkan format email tidak valid | K12: Pass | L12: Medium | M12: Medium | N12: Boundary Value Analysis - format email
A13: 9 | B13: TC-AUTH-009 | C13: Authentication | D13: Akses dengan token yang sudah kedaluwarsa/expired | E13: Memverifikasi sistem menolak akses menggunakan token yang sudah expired | F13: Tersedia token yang sudah kedaluwarsa (expired token) | G13: 1. Kirim GET request ke /profile dengan expired token 2. Amati response | H13: Header Authorization: Bearer <expired_token> | I13: 1. Status code 401 2. Response message unauthenticated | J13: Tidak dapat dieksekusi karena data token kedaluwarsa belum tersedia di environment test. Perlu koordinasi dengan tim Dev untuk menyediakan mekanisme generate expired token (misal expiry token dipersingkat di config testing). | K13: Blocked | L13: High | M13: Medium | N13: Perlu setup data token kedaluwarsa
A14: 10 | B14: TC-AUTH-010 | C14: Authentication | D14: Akses dengan token yang dimanipulasi/malformed | E14: Memverifikasi sistem menolak token yang formatnya tidak valid atau telah dimodifikasi | F14: API server aktif | G14: 1. Kirim GET request ke /profile dengan token acak/tidak valid 2. Amati response | H14: Header Authorization: Bearer abc123invalidtoken | I14: 1. Status code 401 2. Response message unauthenticated | J14: 1. Status code 401 2. Response message unauthenticated | K14: Pass | L14: High | M14: Medium | N14: Security - token tampering
A15: 11 | B15: TC-AUTH-011 | C15: Authentication | D15: Login menggunakan payload SQL Injection | E15: Memverifikasi sistem aman terhadap percobaan SQL Injection pada field login | F15: API server aktif | G15: 1. Kirim POST request ke /login 2. Isi email dengan payload SQL injection 3. Amati response | H15: email: admin@hutch.id' OR '1'='1 password: ' OR '1'='1 | I15: 1. Status code 422 atau 401 (login gagal, bukan bypass) 2. Tidak ada data sensitif yang bocor 3. Sistem tidak mengalami error 500 | J15: 1. Status code 422 atau 401 (login gagal, bukan bypass) 2. Tidak ada data sensitif yang bocor 3. Sistem tidak mengalami error 500 | K15: Pass | L15: Critical | M15: High | N15: Security testing - SQL Injection
A16: 12 | B16: TC-AUTH-012 | C16: Authentication | D16: Verifikasi role-based access control antar role | E16: Memverifikasi masing-masing role (administrator, staf_penjualan, operator_gudang, pemilik_umkm) memperoleh hak akses endpoint sesuai otorisasinya | F16: Tersedia akun untuk tiap role | G16: 1. Login dengan masing-masing role 2. Akses endpoint yang dibatasi (contoh: /users, DELETE /produk) 3. Amati response | H16: 4 akun dengan role berbeda | I16: 1. Role administrator dapat mengakses seluruh endpoint 2. Role lain menerima 403 Forbidden pada endpoint yang tidak diizinkan | J16: Belum dapat dieksekusi secara menyeluruh karena matrix otorisasi resmi per role belum diterima dari tim Dev/Product. Hanya role administrator yang sempat diverifikasi (hasil sesuai harapan); 3 role lainnya menunggu klarifikasi endpoint yang dibatasi. | K16: Blocked | L16: Critical | M16: High | N16: Perlu matrix otorisasi resmi dari tim Dev
... A104: 100 | B104: TC-CHAT-004 | C104: Chatbot | D104: Mengirim pesan chatbot tanpa autentikasi | E104: Memverifikasi endpoint chatbot memerlukan autentikasi token | F104: API server aktif | G104: 1. Kirim POST request ke /chatbot/message tanpa token 2. Amati response | H104: Tidak ada token | I104: 1. Status code 401 | J104: 1. Status code 401 | K104: Pass | L104: Medium | M104: Medium | N104: Security testing
